﻿<?xml version="1.0" encoding="utf-8"?>
<Project ToolsVersion="14.0" xmlns="http://schemas.microsoft.com/developer/msbuild/2003">
  <PropertyGroup>
    <CreateNewDatabase>False</CreateNewDatabase>
    <BackupDatabaseBeforeChanges>False</BackupDatabaseBeforeChanges>
    <BlockOnPossibleDataLoss>True</BlockOnPossibleDataLoss>
    <NoAlterStatementsToChangeCLRTypes>False</NoAlterStatementsToChangeCLRTypes>
    <DropObjectsNotInSource>False</DropObjectsNotInSource>
    <DeployDatabaseInSingleUserMode>False</DeployDatabaseInSingleUserMode>
    <DeployScriptFileName>Debug.sql</DeployScriptFileName>
    <ProfileVersionNumber>1</ProfileVersionNumber>
  </PropertyGroup>
</Project>