﻿<?xml version="1.0" encoding="utf-8"?>
<publishData>
  <publishProfile publishUrl="D:\Projects\Quantum Concepts\Quantum Concepts\CodeGenerator\Source-Publish\Sample\Web" deleteExistingFiles="True" ftpAnonymousLogin="False" ftpPassiveMode="True" msdeploySite="" msdeploySiteID="" msdeployRemoteSitePhysicalPath="" msdeployAllowUntrustedCertificate="False" msdeploySkipExtraFilesOnServer="True" msdeployMarkAsApp="False" profileName="Local" publishMethod="FileSystem" replaceMatchingFiles="False" userName="" savePWD="False" userPWD="" SelectedForPublish="True">
    <file relUrl="Default.aspx" publishTime="04/10/2011 19:49:48" />
    <file relUrl="App_Resources/JavaScript/jquery-1.4.4.min.js" publishTime="12/10/2010 05:38:24" />
    <file relUrl="App_Resources/JavaScript/shBrushXml.js" publishTime="07/02/2010 13:59:00" />
    <file relUrl="WebControls/PagedDataGrid.ascx" publishTime="04/09/2011 16:19:06" />
    <file relUrl="WebControls/SemesterList.ascx" publishTime="04/09/2011 16:19:06" />
    <file relUrl="bin/QuantumConcepts.CommonWeb.dll" publishTime="04/09/2011 12:25:43" />
    <file relUrl="Web.config" publishTime="04/09/2011 16:19:06" />
    <file relUrl="App_Resources/Css/shCore.css" publishTime="04/10/2011 19:54:04" />
    <file relUrl="Courses/Default.aspx" publishTime="04/09/2011 16:19:05" />
    <file relUrl="bin/QuantumConcepts.CommonWeb.pdb" publishTime="04/09/2011 12:25:43" />
    <file relUrl="bin/QuantumConcepts.CodeGenerator.Sample.Web.pdb" publishTime="04/10/2011 20:06:36" />
    <file relUrl="WebControls/GoogleAnalytics.ascx" publishTime="04/09/2011 16:19:06" />
    <file relUrl="bin/QuantumConcepts.CodeGenerator.Sample.Common.pdb" publishTime="04/10/2011 20:06:34" />
    <file relUrl="Teachers/Edit.aspx" publishTime="04/09/2011 16:19:06" />
    <file relUrl="Service/Documentation/Methods.aspx" publishTime="04/09/2011 16:19:06" />
    <file relUrl="WebControls/TabularPanelRow.ascx" publishTime="04/09/2011 16:19:06" />
    <file relUrl="bin/QuantumConcepts.CodeGenerator.Sample.DataObjects.pdb" publishTime="04/10/2011 20:06:34" />
    <file relUrl="bin/AjaxControlToolkit.dll" publishTime="05/12/2010 12:24:02" />
    <file relUrl="Service/Documentation/Types.aspx" publishTime="04/09/2011 16:19:06" />
    <file relUrl="bin/QuantumConcepts.Common.pdb" publishTime="04/09/2011 12:25:43" />
    <file relUrl="bin/QuantumConcepts.CodeGenerator.Sample.DataObjects.dll" publishTime="04/10/2011 20:06:34" />
    <file relUrl="Semesters/Edit.aspx" publishTime="04/09/2011 16:19:06" />
    <file relUrl="WebControls/EditCourse.ascx" publishTime="04/09/2011 16:19:06" />
    <file relUrl="WebControls/EditSemester.ascx" publishTime="04/09/2011 16:19:06" />
    <file relUrl="App_Resources/JavaScript/shCore.js" publishTime="07/02/2010 13:59:00" />
    <file relUrl="Main.Master" publishTime="04/10/2011 18:38:54" />
    <file relUrl="Service/REST.svc" publishTime="04/09/2011 16:19:06" />
    <file relUrl="App_Resources/Css/shThemeDefault.css" publishTime="07/02/2010 13:59:00" />
    <file relUrl="WebControls/EditEnrollment.ascx" publishTime="04/09/2011 16:19:06" />
    <file relUrl="App_Themes/Default/Default.css" publishTime="04/09/2011 16:19:05" />
    <file relUrl="bin/QuantumConcepts.CodeGenerator.Sample.Logic.pdb" publishTime="04/10/2011 20:06:35" />
    <file relUrl="WebControls/TabularPanelField.ascx" publishTime="04/09/2011 16:19:06" />
    <file relUrl="WebControls/TeacherList.ascx" publishTime="04/09/2011 16:19:06" />
    <file relUrl="bin/QuantumConcepts.CodeGenerator.Sample.Service.dll" publishTime="04/10/2011 20:06:35" />
    <file relUrl="Majors/Edit.aspx" publishTime="04/09/2011 16:19:05" />
    <file relUrl="WebControls/EditMajor.ascx" publishTime="04/09/2011 16:19:06" />
    <file relUrl="bin/QuantumConcepts.Common.dll" publishTime="04/09/2011 12:25:43" />
    <file relUrl="App_Resources/Css/CommonWeb.css" publishTime="04/10/2011 18:18:39" />
    <file relUrl="WebControls/MajorList.ascx" publishTime="04/09/2011 16:19:06" />
    <file relUrl="Semesters/Default.aspx" publishTime="04/09/2011 16:19:05" />
    <file relUrl="Service/SOAP.svc" publishTime="04/09/2011 16:19:06" />
    <file relUrl="Courses/Edit.aspx" publishTime="04/09/2011 16:19:05" />
    <file relUrl="bin/QuantumConcepts.CodeGenerator.Sample.Web.dll" publishTime="04/10/2011 20:06:36" />
    <file relUrl="WebControls/EnrollmentList.ascx" publishTime="04/09/2011 16:19:06" />
    <file relUrl="Enrollments/Default.aspx" publishTime="04/09/2011 16:19:05" />
    <file relUrl="WebControls/EditTeacher.ascx" publishTime="04/09/2011 16:19:06" />
    <file relUrl="bin/ICSharpCode.SharpZipLib.dll" publishTime="05/12/2010 09:44:33" />
    <file relUrl="App_Resources/Css/shCoreDefault.css" publishTime="07/02/2010 13:59:00" />
    <file relUrl="WebControls/StudentList.ascx" publishTime="04/09/2011 16:19:06" />
    <file relUrl="App_Resources/JavaScript/shAutoloader.js" publishTime="07/02/2010 13:59:00" />
    <file relUrl="bin/QuantumConcepts.CodeGenerator.Sample.Common.dll" publishTime="04/10/2011 20:06:34" />
    <file relUrl="Students/Edit.aspx" publishTime="04/09/2011 16:19:06" />
    <file relUrl="ViewCode.aspx" publishTime="04/10/2011 19:56:23" />
    <file relUrl="bin/WcfRestContrib.dll" publishTime="12/14/2010 11:37:41" />
    <file relUrl="Students/Default.aspx" publishTime="04/09/2011 16:19:06" />
    <file relUrl="WebControls/TabularPanel.ascx" publishTime="04/09/2011 16:19:06" />
    <file relUrl="WebControls/EditStudent.ascx" publishTime="04/09/2011 16:19:06" />
    <file relUrl="bin/QuantumConcepts.CodeGenerator.Sample.Service.pdb" publishTime="04/10/2011 20:06:35" />
    <file relUrl="Enrollments/Edit.aspx" publishTime="04/09/2011 16:19:05" />
    <file relUrl="Teachers/Default.aspx" publishTime="04/09/2011 16:19:06" />
    <file relUrl="WebControls/PageSelector.ascx" publishTime="04/09/2011 16:19:06" />
    <file relUrl="Majors/Default.aspx" publishTime="04/09/2011 16:19:05" />
    <file relUrl="App_Resources/JavaScript/shBrushCSharp.js" publishTime="07/02/2010 13:59:00" />
    <file relUrl="bin/QuantumConcepts.CodeGenerator.Sample.DataAccess.pdb" publishTime="04/10/2011 20:06:35" />
    <file relUrl="WebControls/CourseList.ascx" publishTime="04/09/2011 16:19:06" />
    <file relUrl="bin/QuantumConcepts.CodeGenerator.Sample.Logic.dll" publishTime="04/10/2011 20:06:35" />
    <file relUrl="bin/QuantumConcepts.CodeGenerator.Sample.DataAccess.dll" publishTime="04/10/2011 20:06:35" />
  </publishProfile>
</publishData>